commune,region,population,part_65_plus_pct,score
Saint-Benoît,04 - La Réunion,37274,23.7,46179.9686486768
Saint-Joseph,04 - La Réunion,37517,17.7,45535.77257749022
Le Port,04 - La Réunion,33531,26.2,45517.05111711601
Sainte-Marie,04 - La Réunion,33234,27.8,44638.381115106764
Stains,11 - Île-de-France,38666,13.6,44050.51637086369
Villepinte,11 - Île-de-France,37280,20.3,44000.128008194566
Saint-Leu,04 - La Réunion,34196,11.4,43931.62051804376
Grigny,11 - Île-de-France,28265,19.2,43225.96320079402
Cayenne,03 - Guyane,63652,8.0,43125.633103346096
Sainte-Marie,02 - Martinique,15571,34.6,43113.310349350635
Sainte-Suzanne,04 - La Réunion,23718,23.4,42900.45764964364
Marcq-en-Barœul,32 - Hauts-de-France,38570,19.9,42498.382222253334
Vandœuvre-lès-Nancy,44 - Grand Est,30009,16.8,42388.53576003392
Saint-Étienne-du-Rouvray,28 - Normandie,28500,16.9,42263.4124578933
Villiers-le-Bel,11 - Île-de-France,28041,10.2,42224.087788164354
La Possession,04 - La Réunion,32633,8.7,42180.01424827233
Saint-Laurent-du-Maroni,03 - Guyane,45576,2.7,42176.341338810016
Clichy-sous-Bois,11 - Île-de-France,28992,9.3,42026.81734450155
Rochefort,75 - Nouvelle-Aquitaine,23583,25.6,42020.56445923783
Le Robert,02 - Martinique,22429,17.6,41799.218137509655
Vigneux-sur-Seine,11 - Île-de-France,31463,12.9,41572.028408550315
Torcy,11 - Île-de-France,22361,28.9,41518.47418091332
Le François,02 - Martinique,16423,22.0,41166.37055394485
Montfermeil,11 - Île-de-France,27201,13.6,40901.650421449296
Savigny-le-Temple,11 - Île-de-France,29792,8.6,40731.49393259756
Beaupréau-en-Mauges,52 - Pays de la Loire,23407,18.7,40711.89228096872
Le Lorrain,02 - Martinique,6824,25.2,40638.42337449507
Baie-Mahault,01 - Guadeloupe,31193,13.1,40633.11936131281
Berck,32 - Hauts-de-France,13791,28.8,40610.322345335284
Gros-Morne,02 - Martinique,9755,24.9,40586.803634417454
Sèvremoine,52 - Pays de la Loire,25330,15.7,40528.851538675386
Rivière-Pilote,02 - Martinique,11972,21.6,40511.161508262485
Hautmont,32 - Hauts-de-France,14601,16.8,40502.98380158725
Le Vauclin,02 - Martinique,8686,23.9,40481.07472022151
Vire Normandie,28 - Normandie,16885,27.0,40443.80754401368
Villeneuve-la-Garenne,11 - Île-de-France,24023,12.5,40427.93749517025
Le Petit-Quevilly,28 - Normandie,22291,15.6,40387.321005513404
Le Gosier,01 - Guadeloupe,26692,18.8,40364.471131080994
Matoury,03 - Guyane,32942,6.9,40301.27594732519
Herblay-sur-Seine,11 - Île-de-France,30095,13.2,40288.48158666129
Sainte-Anne,01 - Guadeloupe,23767,23.4,40251.08528868372
Château-Gontier-sur-Mayenne,52 - Pays de la Loire,16913,26.3,40217.141324314005
Châlette-sur-Loing,24 - Centre-Val de Loire,12790,20.3,40205.77633459826
Saint-Hilaire-de-Riez,52 - Pays de la Loire,11179,40.6,40180.28010343432
Petite-Île,04 - La Réunion,12308,15.3,40147.361040188
Vitry-le-François,44 - Grand Est,11743,23.7,40139.67699139864
Saint-Joseph,02 - Martinique,16152,17.5,40138.50562211775
La Chapelle-Saint-Luc,44 - Grand Est,11913,18.8,40115.28931224992
Salazie,04 - La Réunion,7224,12.0,40067.62544998616
Mauges-sur-Loire,52 - Pays de la Loire,18018,21.1,40067.59462943415
Le Mée-sur-Seine,11 - Île-de-France,21071,12.9,40060.611225346096
Canteleu,28 - Normandie,14244,19.0,40050.53986947855
Halluin,32 - Hauts-de-France,20808,16.0,40025.75756649425
Eysines,75 - Nouvelle-Aquitaine,24109,16.9,40010.52819958414
Guyancourt,11 - Île-de-France,29332,8.8,40003.540195513764
Woippy,44 - Grand Est,13998,15.3,39992.51153905453
Le Barcarès,76 - Occitanie,5885,37.3,39983.33319922471
Condé-sur-l'Escaut,32 - Hauts-de-France,9586,19.9,39981.88823877257
Longwy,44 - Grand Est,14730,19.5,39955.76519291058
Raismes,32 - Hauts-de-France,12468,16.8,39936.60109252871
Segré-en-Anjou Bleu,52 - Pays de la Loire,17474,20.4,39908.99841213951
Harnes,32 - Hauts-de-France,12324,20.7,39889.207548667015
Rivière-Salée,02 - Martinique,11857,18.7,39861.86246609945
Sainte-Rose,04 - La Réunion,6296,12.8,39832.894405441744
Saint-Esprit,02 - Martinique,9660,22.1,39829.79865802076
Saint-Georges-de-Didonne,75 - Nouvelle-Aquitaine,5340,49.3,39821.71182869966
Aussillon,76 - Occitanie,5856,33.6,39820.69380942606
Cilaos,04 - La Réunion,5492,13.0,39805.63115920199
Saint-Jean-de-Braye,24 - Centre-Val de Loire,21054,15.7,39792.535665748896
Bras-Panon,04 - La Réunion,12768,10.5,39790.37431782932
Le Marin,02 - Martinique,8771,19.7,39776.28431428092
Berre-l'Étang,93 - Provence-Alpes-Côte d'Azur,13520,19.8,39763.602252902216
Nœux-les-Mines,32 - Hauts-de-France,11813,20.8,39755.486746664064
Schœlcher,02 - Martinique,19847,21.0,39722.52215471523
Bompas,76 - Occitanie,7310,36.5,39708.04074534674
Gruissan,76 - Occitanie,5044,37.0,39656.14308508923
Petit-Bourg,01 - Guadeloupe,24522,14.9,39654.427113048136
Sorbiers,84 - Auvergne-Rhône-Alpes,7856,47.2,39639.17417958182
Mons-en-Barœul,32 - Hauts-de-France,21017,14.8,39635.38481618424
Valenton,11 - Île-de-France,14837,10.4,39625.94962935428
Méricourt,32 - Hauts-de-France,11346,19.6,39614.93244684001
Outreau,32 - Hauts-de-France,13575,19.2,39609.72072070162
Montpon-Ménestérol,75 - Nouvelle-Aquitaine,5602,35.2,39605.03994311503
Montataire,32 - Hauts-de-France,13461,12.8,39587.50443857998
Ducos,02 - Martinique,17270,17.2,39561.04542772282
Sallaumines,32 - Hauts-de-France,9654,17.5,39545.47793720056
Montrevault-sur-Èvre,52 - Pays de la Loire,15787,19.5,39544.088418789484
Le Moule,01 - Guadeloupe,22315,19.3,39543.89074735019
Lamballe-Armor,53 - Bretagne,16742,22.9,39506.625584583984
Behren-lès-Forbach,44 - Grand Est,6604,20.0,39504.658349425285
Mitry-Mory,11 - Île-de-France,20353,11.9,39501.3644381011
Sainte-Livrade-sur-Lot,75 - Nouvelle-Aquitaine,6458,27.6,39486.60937828825
L'Étang-Salé,04 - La Réunion,14108,12.5,39463.46248502692
Verneuil d'Avre et d'Iton,28 - Normandie,7854,27.9,39461.60970797664
Bruay-sur-l'Escaut,32 - Hauts-de-France,11311,15.7,39457.773935580495
Limay,11 - Île-de-France,17147,12.3,39455.48655887341
Villefontaine,84 - Auvergne-Rhône-Alpes,18808,9.0,39448.98192613068
Roissy-en-Brie,11 - Île-de-France,22836,12.1,39431.491911345474
Carentan-les-Marais,28 - Normandie,10084,26.3,39424.83037694281
Saint-Philippe,04 - La Réunion,5149,14.2,39410.02890913881
Baugé-en-Anjou,52 - Pays de la Loire,11802,23.8,39409.45050591461
Montaigu-Vendée,52 - Pays de la Loire,20229,15.9,39390.230083629795
La Celle-Saint-Cloud,11 - Île-de-France,20830,17.6,39380.693944547056
Hem,32 - Hauts-de-France,18621,17.4,39368.38666598486
Bormes-les-Mimosas,93 - Provence-Alpes-Côte d'Azur,8223,34.8,39356.15754220412
Vieux-Condé,32 - Hauts-de-France,10374,17.9,39347.290308291005
Maromme,28 - Normandie,10730,21.6,39331.9114497124
Les Trois-Bassins,04 - La Réunion,7076,13.8,39307.67615833822
La Ricamarie,84 - Auvergne-Rhône-Alpes,7889,19.9,39295.92453407905
Louvroil,32 - Hauts-de-France,6405,15.7,39270.972316680985
Boissy-Saint-Léger,11 - Île-de-France,16487,13.0,39265.25613757469
Vaucresson,11 - Île-de-France,8660,20.1,39260.48091123856
Remire-Montjoly,03 - Guyane,26143,8.6,39236.304317698494
Le Luc,93 - Provence-Alpes-Côte d'Azur,11008,21.4,39223.39244686014
Montval-sur-Loir,52 - Pays de la Loire,6069,30.8,39210.15561302653
Douchy-les-Mines,32 - Hauts-de-France,10311,15.8,39209.41038580768
Montigny-lès-Cormeilles,11 - Île-de-France,21638,11.0,39205.15738949145
Varennes-Vauzelles,27 - Bourgogne-Franche-Comté,9207,31.1,39200.63211869646
Escaudain,32 - Hauts-de-France,9645,15.2,39186.27887426638
Chevilly-Larue,11 - Île-de-France,19863,14.2,39179.75519643966
Les Pavillons-sous-Bois,11 - Île-de-France,23960,12.4,39167.6182236712
Marennes-Hiers-Brouage,75 - Nouvelle-Aquitaine,6250,31.6,39157.74087587595
Valentigney,27 - Bourgogne-Franche-Comté,10912,21.7,39152.956495555845
Saint-Christol-lez-Alès,76 - Occitanie,7042,27.7,39143.25024275375
Val-de-Reuil,28 - Normandie,13114,6.9,39139.55899678132
Yzeure,84 - Auvergne-Rhône-Alpes,12899,26.2,39137.62671783066
Jœuf,44 - Grand Est,6559,26.1,39087.14085609378
Noisiel,11 - Île-de-France,15676,14.8,39080.56787673466
Farébersviller,44 - Grand Est,5509,18.2,39079.701277491586
Doué-en-Anjou,52 - Pays de la Loire,11100,22.8,39079.05995041648
Oignies,32 - Hauts-de-France,9841,18.8,39075.38168157301
Noyelles-sous-Lens,32 - Hauts-de-France,6646,21.6,39073.07382948642
Divion,32 - Hauts-de-France,6977,17.7,39054.58885583068
Louveciennes,11 - Île-de-France,7055,23.9,39050.296932392324
Marles-les-Mines,32 - Hauts-de-France,5561,20.5,39032.66041510617
Domérat,84 - Auvergne-Rhône-Alpes,8742,31.5,39016.939310184585
Bethoncourt,27 - Bourgogne-Franche-Comté,5545,22.1,39012.56330831186
Bussy-Saint-Georges,11 - Île-de-France,26806,6.8,39010.22768139486
Palavas-les-Flots,76 - Occitanie,5903,33.5,39010.18969895084
Noyant-Villages,52 - Pays de la Loire,5589,26.6,39006.91124357595
Entre-Deux,04 - La Réunion,6914,14.4,39004.09974941648
Florange,44 - Grand Est,11864,20.2,38976.73764725079
Aureilhan,76 - Occitanie,7849,28.5,38972.027696378675
Riorges,84 - Auvergne-Rhône-Alpes,10757,26.9,38970.71801050789
Raon-l'Étape,44 - Grand Est,6297,25.5,38968.19775356677
Orée d'Anjou,52 - Pays de la Loire,16354,15.9,38962.98801669868
Fresnes-sur-Escaut,32 - Hauts-de-France,7532,16.8,38959.87952370282
Houdain,32 - Hauts-de-France,7178,21.4,38950.26959865347
Saint-Pierre-en-Auge,28 - Normandie,7503,26.3,38948.48879803361
Valserhône,84 - Auvergne-Rhône-Alpes,16431,16.2,38940.37621097445
Bourg-de-Péage,84 - Auvergne-Rhône-Alpes,10007,22.9,38937.42420988609
Morcenx-la-Nouvelle,75 - Nouvelle-Aquitaine,5022,32.0,38932.53990836073
Penmarch,53 - Bretagne,5142,35.7,38927.07583752011
Calonne-Ricouart,32 - Hauts-de-France,5520,19.3,38926.928250149234
Les Ponts-de-Cé,52 - Pays de la Loire,12811,23.4,38926.014826395614
Hombourg-Haut,44 - Grand Est,6272,24.0,38912.674291344796
Capesterre-Belle-Eau,01 - Guadeloupe,18131,21.1,38911.21594110798
Aniche,32 - Hauts-de-France,10146,13.6,38901.97322483087
Oissel,28 - Normandie,12102,16.8,38900.17798749483
Ombrée d'Anjou,52 - Pays de la Loire,8962,23.4,38898.12984498809
Ville-d'Avray,11 - Île-de-France,11050,17.3,38895.71798740867
Coulounieix-Chamiers,75 - Nouvelle-Aquitaine,7458,28.5,38892.20852642382
Montigny-en-Gohelle,32 - Hauts-de-France,10315,17.3,38886.32605651195
Courrières,32 - Hauts-de-France,10544,19.1,38884.9456609289
Quiévrechain,32 - Hauts-de-France,6355,16.3,38883.772874525486
Les Avirons,04 - La Réunion,11246,12.6,38878.18385724086
Barlin,32 - Hauts-de-France,7603,17.9,38873.08601149079
Saint-Pourçain-sur-Sioule,84 - Auvergne-Rhône-Alpes,5182,29.9,38861.30806106465
Condé-en-Normandie,28 - Normandie,6524,26.6,38857.809877528394
Carrières-sous-Poissy,11 - Île-de-France,16248,12.2,38856.06747864146
Saint-Cyr-au-Mont-d'Or,84 - Auvergne-Rhône-Alpes,5721,23.5,38853.648057081635
La Plaine-des-Palmistes,04 - La Réunion,6568,10.7,38852.402418493635
Balaruc-les-Bains,76 - Occitanie,6867,32.4,38848.77216657862
Dugny,11 - Île-de-France,10757,8.9,38825.52634723567
Auby,32 - Hauts-de-France,7256,17.7,38817.462513514285
Panazol,75 - Nouvelle-Aquitaine,10974,30.2,38807.15459497593
Waziers,32 - Hauts-de-France,7427,15.2,38803.726815129965
Prévessin-Moëns,84 - Auvergne-Rhône-Alpes,8474,9.8,38801.177973264756
Coursan,76 - Occitanie,5864,25.9,38793.47364614532
Lallaing,32 - Hauts-de-France,6297,21.9,38787.60113609017
Pia,76 - Occitanie,9228,17.6,38782.577820283805
Beuvry,32 - Hauts-de-France,9331,19.8,38778.05999829272
Morne-à-l'Eau,01 - Guadeloupe,16875,21.5,38765.70321148403
Sainte-Luce,02 - Martinique,9651,17.5,38756.937629613196
Mainvilliers,24 - Centre-Val de Loire,11087,16.9,38755.25760336666
Rombas,44 - Grand Est,9833,20.0,38731.298842312186
Septèmes-les-Vallons,93 - Provence-Alpes-Côte d'Azur,11058,20.7,38729.35703431254
Breuillet,11 - Île-de-France,8347,36.5,38727.304083444906
Lys-Haut-Layon,52 - Pays de la Loire,7830,24.2,38706.09359447298
Sainte-Rose,01 - Guadeloupe,18650,18.2,38705.7933131136
Kourou,03 - Guyane,24959,4.8,38704.52833243755
Épinay-sous-Sénart,11 - Île-de-France,12279,11.6,38703.89461503425
Persan,11 - Île-de-France,13386,10.1,38696.20135312388
Moyeuvre-Grande,44 - Grand Est,7662,20.8,38694.5954702785
Mazingarbe,32 - Hauts-de-France,8036,13.9,38694.575471714095
Saint-Florent-sur-Cher,24 - Centre-Val de Loire,6457,27.8,38691.285209110974
Gennes-Val-de-Loire,52 - Pays de la Loire,8661,24.9,38680.46320220756
Villars,84 - Auvergne-Rhône-Alpes,7952,34.7,38670.742503151705
Loire-Authion,52 - Pays de la Loire,15812,18.9,38660.35318399097
Ciboure,75 - Nouvelle-Aquitaine,6220,32.3,38659.950457369
Pont-Sainte-Marie,44 - Grand Est,5161,25.5,38659.029114721234
Villeneuve-sur-Yonne,27 - Bourgogne-Franche-Comté,5179,28.5,38647.76235982369
Arnouville,11 - Île-de-France,14329,14.8,38644.69904146309
Lamorlaye,32 - Hauts-de-France,8823,22.8,38639.21870377358
Villeneuve-lès-Avignon,76 - Occitanie,11769,28.7,38629.973776868115
Briare,24 - Centre-Val de Loire,5207,29.3,38626.964353219395
Ostwald,44 - Grand Est,12586,18.1,38620.323790574126
Belleville-en-Beaujolais,84 - Auvergne-Rhône-Alpes,13057,16.9,38615.11289921691
Trégueux,53 - Bretagne,8447,28.5,38613.146007657015
Uckange,44 - Grand Est,6829,18.5,38600.379371676194
Mézidon Vallée d'Auge,28 - Normandie,9607,18.4,38593.666489143674
Le Pont-de-Claix,84 - Auvergne-Rhône-Alpes,10605,17.2,38588.12646406432
Grand-Charmont,27 - Bourgogne-Franche-Comté,5754,21.9,38578.16070572372
Gonfreville-l'Orcher,28 - Normandie,9162,16.8,38567.128404781746
Pecquencourt,32 - Hauts-de-France,6050,16.8,38566.87340863551
Salbris,24 - Centre-Val de Loire,5060,29.8,38564.18622485484
Hœnheim,44 - Grand Est,11145,24.2,38563.22439136432
Capavenir Vosges,44 - Grand Est,8748,21.6,38562.732680495064
Moissy-Cramayel,11 - Île-de-France,17882,8.0,38560.303808049066
Beynes,11 - Île-de-France,7651,29.7,38555.046387665905
Talmont-Saint-Hilaire,52 - Pays de la Loire,7748,29.9,38553.058241792176
Tonnay-Charente,75 - Nouvelle-Aquitaine,8048,23.0,38552.30034740866
Saint-Saulve,32 - Hauts-de-France,11353,19.8,38550.899014678995
Viry,84 - Auvergne-Rhône-Alpes,5299,18.1,38547.752760202464
Wingles,32 - Hauts-de-France,8754,15.4,38546.78056617409
Labruguière,76 - Occitanie,6502,25.1,38532.36764038084
Feignies,32 - Hauts-de-France,6854,18.3,38523.56144197041
Villennes-sur-Seine,11 - Île-de-France,5331,19.1,38521.71440717664
Villefranche-sur-Mer,93 - Provence-Alpes-Côte d'Azur,5064,36.0,38510.580174693685
Blanzy,27 - Bourgogne-Franche-Comté,6097,27.5,38510.128341041585
Nouzonville,44 - Grand Est,5760,20.5,38497.055368530164
Jurançon,75 - Nouvelle-Aquitaine,7098,26.8,38496.87621217002
Fouquières-lès-Lens,32 - Hauts-de-France,6399,16.6,38496.15876961413
Le Pecq,11 - Île-de-France,15949,20.1,38472.702186359485
Beuvrages,32 - Hauts-de-France,6821,15.3,38467.870354150094
Bures-sur-Yvette,11 - Île-de-France,9577,21.5,38462.91135178651
Caudebec-lès-Elbeuf,28 - Normandie,10156,19.5,38455.213086810974
Milhaud,76 - Occitanie,5717,24.0,38455.13661209044
Colombelles,28 - Normandie,6941,17.7,38442.89994982552
Grand-Couronne,28 - Normandie,9716,17.8,38419.78911278117
Jouy-en-Josas,11 - Île-de-France,8124,16.6,38418.60331490118
L'Île-Saint-Denis,11 - Île-de-France,8012,10.1,38417.04548291317
Livarot-Pays-d'Auge,28 - Normandie,6254,22.6,38414.80267075713
Déville-lès-Rouen,28 - Normandie,10461,17.7,38406.10144584727
Moncoutant-sur-Sèvre,75 - Nouvelle-Aquitaine,5046,25.9,38388.00231034236
Gex,84 - Auvergne-Rhône-Alpes,13093,10.1,38384.3964021341
Cabriès,93 - Provence-Alpes-Côte d'Azur,9834,20.0,38380.31686933705
Lanton,75 - Nouvelle-Aquitaine,7098,33.1,38376.1942477889
Grenay,32 - Hauts-de-France,6851,12.2,38367.8602722908
Gerzat,84 - Auvergne-Rhône-Alpes,10315,19.6,38367.69943063726
La Riche,24 - Centre-Val de Loire,10331,17.0,38360.669704133375
Binic-Étables-sur-Mer,53 - Bretagne,7006,36.3,38358.19038625304
Oraison,93 - Provence-Alpes-Côte d'Azur,5891,28.4,38352.442150903655
Les Arcs,93 - Provence-Alpes-Côte d'Azur,7033,22.8,38341.82272948753
Loos-en-Gohelle,32 - Hauts-de-France,6855,18.0,38323.654574221924
Machecoul-Saint-Même,52 - Pays de la Loire,7553,23.0,38321.21089347699
Le Soler,76 - Occitanie,7753,20.7,38315.3407796085
Riantec,53 - Bretagne,5722,28.5,38309.63322010009
Ferrière-la-Grande,32 - Hauts-de-France,5292,18.4,38306.26547375117
Aulnoy-lez-Valenciennes,32 - Hauts-de-France,7280,18.5,38305.75237623297
Ventabren,93 - Provence-Alpes-Côte d'Azur,5433,25.2,38304.29928224584
Les Hauts-d'Anjou,52 - Pays de la Loire,8762,18.7,38290.68643011332
Bogny-sur-Meuse,44 - Grand Est,5032,20.1,38289.83512755985
Gouvieux,32 - Hauts-de-France,9023,23.1,38286.74420048711
Conches-en-Ouche,28 - Normandie,5004,21.5,38285.61161073093
Carrières-sur-Seine,11 - Île-de-France,15003,12.6,38265.0839466953
Mouans-Sartoux,93 - Provence-Alpes-Côte d'Azur,9911,25.6,38261.853941455745
Jonquières,93 - Provence-Alpes-Côte d'Azur,5436,24.4,38261.5711955269
Le Mené,53 - Bretagne,6406,24.2,38261.31246505446
Gauchy,32 - Hauts-de-France,5254,23.7,38257.38090779296
Sauvian,76 - Occitanie,5419,26.7,38245.72725541278
Saint-Mandrier-sur-Mer,93 - Provence-Alpes-Côte d'Azur,5979,28.8,38244.645633991844
Souleuvre en Bocage,28 - Normandie,8899,18.7,38240.15792748994
Wallers,32 - Hauts-de-France,5568,19.6,38236.27047527668
Villemandeur,24 - Centre-Val de Loire,6767,26.5,38234.95068000628
Guînes,32 - Hauts-de-France,5619,15.9,38232.703951111616
Ruelle-sur-Touvre,75 - Nouvelle-Aquitaine,7246,26.2,38232.411706265804
Courcelles-lès-Lens,32 - Hauts-de-France,7918,13.2,38228.43523868349
Pont-Évêque,84 - Auvergne-Rhône-Alpes,5207,19.3,38226.31995001638
Saint-Jacques-de-la-Lande,53 - Bretagne,13533,10.7,38206.22458972495
Boulazac Isle Manoire,75 - Nouvelle-Aquitaine,10725,19.6,38201.140802793314
Fleury-Mérogis,11 - Île-de-France,13917,3.7,38197.34632253157
Port-Jérôme-sur-Seine,28 - Normandie,10157,19.9,38194.32017685823
Petit-Couronne,28 - Normandie,8655,17.9,38189.767005389695
Saint-Doulchard,24 - Centre-Val de Loire,9549,28.6,38180.44519566324
Gond-Pontouvre,75 - Nouvelle-Aquitaine,6057,24.6,38175.29121336935
Soisy-sous-Montmorency,11 - Île-de-France,18243,17.5,38171.80668803609
Entraigues-sur-la-Sorgue,93 - Provence-Alpes-Côte d'Azur,8534,20.3,38169.39235577149
Bassens,75 - Nouvelle-Aquitaine,7404,18.6,38165.750390635636
Le Mesnil-Saint-Denis,11 - Île-de-France,6814,21.5,38158.33919602829
Nueil-les-Aubiers,75 - Nouvelle-Aquitaine,5513,21.9,38158.07795264832
Cazouls-lès-Béziers,76 - Occitanie,5023,20.7,38153.9873467068
Longvic,27 - Bourgogne-Franche-Comté,8416,20.0,38153.97034798748
Ostricourt,32 - Hauts-de-France,5367,17.0,38153.49457284189
Le Controis-en-Sologne,24 - Centre-Val de Loire,6783,25.5,38151.36966870461
Déols,24 - Centre-Val de Loire,7559,24.5,38138.35951360629
Chanteloup-les-Vignes,11 - Île-de-France,10341,11.2,38133.28507777933
L'Isle-d'Espagnac,75 - Nouvelle-Aquitaine,5592,27.0,38123.68657833902
Lamentin,01 - Guadeloupe,16536,15.7,38119.514418730745
Le Thor,93 - Provence-Alpes-Côte d'Azur,8996,20.2,38113.3150922741
Hersin-Coupigny,32 - Hauts-de-France,6263,15.3,38109.8080493785
Faverges-Seythenex,84 - Auvergne-Rhône-Alpes,7608,24.4,38100.79610295309
Moret-Loing-et-Orvanne,11 - Île-de-France,12110,22.4,38094.92986680122
Le Malesherbois,24 - Centre-Val de Loire,8142,18.8,38092.75657785921
Buxerolles,75 - Nouvelle-Aquitaine,10042,22.6,38087.289428150725
Roost-Warendin,32 - Hauts-de-France,6089,20.9,38077.20109044354
Saint-Aubin-lès-Elbeuf,28 - Normandie,8277,21.0,38071.28429953518
Saint-Pierre-lès-Elbeuf,28 - Normandie,8305,21.9,38068.2833844944
Noyelles-Godault,32 - Hauts-de-France,5828,16.1,38062.02573216095
Leforest,32 - Hauts-de-France,7232,17.4,38061.28162098542
Cappelle-la-Grande,32 - Hauts-de-France,7909,17.3,38046.503752042794
Algrange,44 - Grand Est,6145,21.5,38043.31810311777
Le Mesnil-le-Roi,11 - Île-de-France,6292,19.2,38017.428930818365
Guénange,44 - Grand Est,7341,20.4,38012.80923272261
Le Passage,75 - Nouvelle-Aquitaine,9447,16.9,38012.7458124527
Saint-Martin-lez-Tatinghem,32 - Hauts-de-France,5914,22.1,38012.51025949802
Aubergenville,11 - Île-de-France,11974,13.5,38006.93725445732
Cloyes-les-Trois-Rivières,24 - Centre-Val de Loire,5651,27.3,38002.88243759591
Saint-Étienne-au-Mont,32 - Hauts-de-France,5118,16.8,37995.96935706901
Courthézon,93 - Provence-Alpes-Côte d'Azur,5723,20.9,37992.38403685652
Fenain,32 - Hauts-de-France,5448,18.0,37990.99242358921
Marck,32 - Hauts-de-France,10649,14.5,37987.688586848526
Séméac,76 - Occitanie,5005,27.2,37984.75537069865
Voisins-le-Bretonneux,11 - Île-de-France,10921,15.0,37972.47742159135
Valdallière,28 - Normandie,5853,20.1,37970.01543211744
Petite-Rosselle,44 - Grand Est,6322,18.9,37967.79209287825
Vallons-de-l'Erdre,52 - Pays de la Loire,6549,19.6,37965.22929654115
Unieux,84 - Auvergne-Rhône-Alpes,8408,20.8,37963.91611548294
Flers-en-Escrebieux,32 - Hauts-de-France,5816,15.9,37961.53317974608
Villeneuve-lès-Maguelone,76 - Occitanie,10178,17.0,37960.70155190351
Plouguerneau,53 - Bretagne,6623,25.6,37958.491850160106
