code_insee,commune,region,population_2023,part_65_plus_pct,revenu_median_uc,loyer_m2,nb_audioprothesistes_2022,nb_audioprothesistes_2026,nb_orl_liberaux_2026,lat,lon,dist_audio_km,score_v2,sans_audio_5k,prioritaire_v2,apl,rang
97304,Kourou,03 - Guyane,24824,6.14,,15.9611624882161,0.0,0,0,4.888053491124261,-52.78356144970414,31.7,39617.48768587103,True,True,0.0,1
97311,Saint-Laurent-du-Maroni,03 - Guyane,54429,3.27,,16.3231436429449,0.0,0,0,4.957389082706767,-53.96872469172932,146.5,39522.4729315028,True,True,0.0,2
97306,Mana,03 - Guyane,10957,4.07,,12.7578073046412,0.0,0,0,5.011085788787484,-53.68978615384615,115.1,39157.39574054671,True,True,0.0,3
97353,Maripasoula,03 - Guyane,9579,2.34,,13.3164044517987,0.0,0,0,2.899057536800785,-53.87542943081453,282.7,39006.40856416142,True,True,0.0,4
97357,Grand-Santi,03 - Guyane,9668,2.52,,12.7578073046412,0.0,0,0,4.37798747826087,-54.13812782608696,184.7,38994.88436276151,True,True,0.0,5
97360,Apatou,03 - Guyane,10306,2.42,,12.7578073046412,0.0,0,0,4.832381499999999,-54.22469170588237,176.8,38988.60217426419,True,True,0.0,6
97362,Papaichton,03 - Guyane,5006,2.27,,13.3164044517987,0.0,0,0,4.05633476340694,-54.01847624605677,193.2,38972.76036353169,True,True,0.0,7
97419,Sainte-Rose,04 - La Réunion,6557,14.7,15990.0,11.9285408724221,0.0,0,0,-21.172139145728643,55.75810175879396,15.5,37930.95188160143,True,True,27.113471301563997,8
97305,Macouria,03 - Guyane,19899,5.49,,15.3692207641306,0.0,0,0,4.968145378787879,-52.50396446969697,25.9,37851.95208918077,True,True,11.026692924577452,9
49248,Ombrée d'Anjou,52 - Pays de la Loire,8813,25.48,23850.0,10.9553462799925,0.0,0,0,47.72413737430167,-1.1111849162011174,18.6,37085.999294628695,True,True,60.41534539030032,10
97214,Le Lorrain,02 - Martinique,6566,29.33,,13.3060177974875,0.0,0,0,14.799713454545456,-61.075200181818175,16.0,36087.29231540357,True,True,15.596696011831565,11
49228,Noyant-Villages,52 - Pays de la Loire,5448,29.22,22210.0,8.59596616748528,0.0,0,0,47.51860821052632,0.1061441842105263,13.9,36085.27323970478,True,True,44.51531204427021,12
97421,Salazie,04 - La Réunion,7268,12.66,15180.0,12.3087527894794,0.0,0,0,-21.046328939393945,55.51586025252525,10.3,35993.45787684997,True,True,74.8258967377613,13
74056,Chamonix-Mont-Blanc,84 - Auvergne-Rhône-Alpes,8705,22.98,28930.0,24.5583348835589,1.0,0,0,45.92905243589744,6.926696880341881,14.0,35894.86169175056,True,True,10.598804909678282,14
97122,Port-Louis,01 - Guadeloupe,5607,25.38,,13.7259835539844,1.0,0,0,16.42256643939394,-61.49807234848485,16.3,35829.29081141886,True,True,13.687524057202438,15
97417,Saint-Philippe,04 - La Réunion,5082,15.03,16890.0,12.762995393569,0.0,0,0,-21.325601301775144,55.73876727810651,10.4,35602.55358503912,True,True,20.425227459883487,16
18207,Saint-Florent-sur-Cher,24 - Centre-Val de Loire,6463,28.68,23860.0,8.82356849831913,0.0,0,0,46.98976120689655,2.2590067241379312,14.4,35593.67827372505,True,True,48.2239318820118,17
14061,Souleuvre en Bocage,28 - Normandie,8629,21.87,24390.0,9.06516769561828,0.0,0,0,48.95780178832116,-0.8427163868613139,16.0,35367.65894859964,True,True,58.26641880893454,18
97424,Cilaos,04 - La Réunion,5040,15.14,15660.0,11.9285408724221,0.0,0,0,-21.13845698630137,55.457354657534246,8.6,35337.26202566977,True,True,74.67393435985868,19
85084,Essarts en Bocage,52 - Pays de la Loire,6851,15.91,25780.0,11.2120541799545,0.0,0,0,46.784975044642856,-1.2088782142857144,17.2,35238.365205832706,True,True,45.80066000444975,20
87002,Ambazac,75 - Nouvelle-Aquitaine,5556,25.12,25900.0,9.50404102303927,0.0,0,0,45.95445092783505,1.3979456185567012,14.5,34999.0390979916,True,True,41.732914963331694,21
74236,Saint-Gervais-les-Bains,84 - Auvergne-Rhône-Alpes,5755,21.41,28750.0,14.820817542693,0.0,0,1,45.8490823699422,6.73503965317919,12.8,34966.11701436042,True,True,35.03133027806112,22
01071,Cessy,84 - Auvergne-Rhône-Alpes,5832,10.4,47240.0,20.830651303137,0.0,0,0,46.316183333333335,6.077904583333333,7.3,34651.18361457002,True,True,111.5944904441347,23
74288,Valleiry,84 - Auvergne-Rhône-Alpes,5264,11.45,41810.0,20.6634658349121,1.0,0,0,46.11712171428572,5.971030285714286,9.0,34560.43540637975,True,True,85.2514817112601,24
17333,Saint-Georges-de-Didonne,75 - Nouvelle-Aquitaine,5092,55.25,28660.0,13.4988380428414,0.0,0,0,45.60135290322581,-0.9853354838709676,4.2,34543.06492277557,True,True,61.82983090298982,25
97106,Bouillante,01 - Guadeloupe,6127,27.24,,13.1722428356597,0.0,0,0,16.141289999999998,-61.76107960526315,12.4,34428.53936390737,True,True,26.027410960780585,26
79195,Nueil-les-Aubiers,75 - Nouvelle-Aquitaine,5483,22.3,23380.0,7.95214729522791,0.0,0,0,46.93704270531401,-0.6015408212560387,12.4,34293.864040389606,True,True,63.05404886914846,27
85226,Saint-Hilaire-de-Riez,52 - Pays de la Loire,13074,42.57,27070.0,12.6504599256939,0.0,0,0,46.75099462857143,-1.9676958857142852,7.3,34263.117902328166,True,True,73.16234903638575,28
97125,Saint-François,01 - Guadeloupe,13942,20.61,,15.1080352333511,0.0,0,0,16.269557103825136,-61.26339540983606,13.2,34235.191670298154,True,True,5.79403148827106,29
79179,Moncoutant-sur-Sèvre,75 - Nouvelle-Aquitaine,5121,26.13,24280.0,8.2747887477079,0.0,0,0,46.73551208333333,-0.5762933333333333,12.1,34214.424859497594,True,True,60.940752570385,30
49301,Sèvremoine,52 - Pays de la Loire,25797,17.97,26070.0,10.7584183462106,0.0,0,0,47.09373540897097,-1.0917958311345646,13.7,34176.48541557731,True,True,69.91142159967345,31
81120,Labruguière,76 - Occitanie,6584,25.29,23830.0,9.23158647398408,0.0,0,0,43.510384370370375,2.264210296296296,11.5,34129.25040091752,True,True,57.5959369901477,32
45191,Le Malesherbois,24 - Centre-Val de Loire,8016,19.02,24200.0,11.2629665251114,0.0,0,0,48.28056162436548,2.3464431979695437,13.0,34072.80093561937,True,True,43.48551660869629,33
89464,Villeneuve-sur-Yonne,27 - Bourgogne-Franche-Comté,5135,28.87,23290.0,10.018281424805,0.0,0,0,48.08042825688073,3.319886513761468,9.8,34055.72651614322,True,True,63.03621358260361,34
50041,La Hague,28 - Normandie,11484,18.38,28290.0,10.7240673770789,0.0,0,0,49.660618407407405,-1.8104401111111112,12.6,34045.24324686586,True,True,44.12700693933321,35
33314,Pauillac,75 - Nouvelle-Aquitaine,5190,22.24,21080.0,10.9826878479639,1.0,0,0,45.19743764705883,-0.7656641176470589,9.1,34043.22388344248,True,True,62.25655469510748,36
97406,La Plaine-des-Palmistes,04 - La Réunion,6936,14.13,17700.0,12.6791733129069,0.0,0,0,-21.156258164556963,55.62798702531645,7.2,33916.935218985775,True,True,51.659087102403,37
01419,,84 - Auvergne-Rhône-Alpes,6569,12.98,43850.0,28.1798300218551,,0,0,46.23789681159421,5.974729130434782,5.0,33849.67873304268,True,True,95.57901879849332,38
83087,Nans-les-Pins,93 - Provence-Alpes-Côte d'Azur,5215,28.45,29190.0,13.5113109704984,0.0,0,0,43.384681176470586,5.787512705882352,8.9,33828.729986165345,True,True,84.42324865426586,39
68374,Wintzenheim,44 - Grand Est,8059,25.31,27690.0,12.5708933276997,0.0,0,0,48.06301911392405,7.27635569620253,10.3,33802.20348709624,True,True,37.20595302329918,40
49345,Bellevigne-en-Layon,52 - Pays de la Loire,5922,19.9,25780.0,9.07942896059933,0.0,0,0,47.2690643678161,-0.5346160344827586,12.9,33797.25343444914,True,True,60.60351014142748,41
44213,Loireauxence,52 - Pays de la Loire,7587,19.11,24540.0,9.18994847013392,0.0,0,0,47.431043886010364,-1.0237331088082902,12.9,33792.684249446305,True,True,37.1332835888863,42
18141,Mehun-sur-Yèvre,24 - Centre-Val de Loire,6380,28.78,24890.0,9.93535926036442,1.0,0,0,47.13519890109891,2.221137472527473,10.7,33773.64223329889,True,True,59.31603751535931,43
74309,Viry,84 - Auvergne-Rhône-Alpes,5809,11.9,46760.0,20.9814483235218,0.0,0,0,46.12019517647059,6.026879058823528,4.8,33732.83307501361,True,True,98.58115664633344,44
27198,Mesnils-sur-Iton,28 - Normandie,6078,20.38,25240.0,9.99657364401046,0.0,0,0,48.86405023041474,1.0239104608294929,12.2,33529.62133504443,True,True,66.12002933411605,45
81021,Aussillon,76 - Occitanie,5527,35.57,21290.0,9.27614830131249,0.0,0,0,43.49395969696969,2.3529766666666667,4.9,33522.94629263036,True,True,65.81211663781049,46
97119,Petit-Canal,01 - Guadeloupe,8212,21.33,,13.7259835539844,0.0,0,0,16.39720123595506,-61.44815808988765,11.5,33519.4709038397,True,True,14.45919899491454,47
14726,Valdallière,28 - Normandie,5696,20.85,23750.0,8.69004469987147,0.0,0,0,48.85696778761061,-0.7352858407079645,11.0,33482.744193806146,True,True,63.010129976230125,48
97121,Pointe-Noire,01 - Guadeloupe,5762,26.61,,12.9648902351607,0.0,0,0,16.23001447368421,-61.76285026315789,10.1,33432.260432141855,True,True,25.07147250251997,49
38422,Saint-Martin-d'Uriage,84 - Auvergne-Rhône-Alpes,5587,19.76,37170.0,14.0069249281717,0.0,0,0,45.15238822222223,5.854425333333334,6.8,33417.485784054275,True,True,78.80070422082993,50
76552,Sainte-Adresse,28 - Normandie,7004,33.01,36540.0,13.7788392818375,0.0,0,0,49.51197727272727,0.0772859090909091,3.7,33398.29711556276,True,True,55.79595262984561,51
57058,Behren-lès-Forbach,44 - Grand Est,6166,22.12,17470.0,8.95506921910945,0.0,0,0,49.16654351351351,6.947886486486486,4.1,33362.56372481574,True,True,55.60432105223208,52
97405,Petite-Île,04 - La Réunion,13067,16.93,19110.0,13.6096778511598,0.0,0,0,-21.33618299319728,55.5722137414966,6.2,33322.338533175425,True,True,58.85534176739602,53
13114,Ventabren,93 - Provence-Alpes-Côte d'Azur,5839,26.92,37490.0,19.3984093650668,0.0,0,0,43.54183986486487,5.301189864864865,3.9,33315.80705357691,True,True,110.60636700843398,54
47252,Sainte-Livrade-sur-Lot,75 - Nouvelle-Aquitaine,6541,27.83,20570.0,8.8950874573102,0.0,0,0,44.40424638297873,0.6000797872340424,5.6,33300.50647562563,True,True,52.42185749590869,55
44182,Saint-Michel-Chef-Chef,52 - Pays de la Loire,5714,32.79,27960.0,12.7535652890846,0.0,0,0,47.17176055555555,-2.1270356944444444,7.0,33269.29688131424,True,True,76.05837938476417,56
97423,Les Trois-Bassins,04 - La Réunion,7221,14.43,18980.0,14.8940860019585,0.0,0,0,-21.11153888888889,55.3326138271605,6.3,33199.01626321466,True,True,72.90727346298748,57
14371,Livarot-Pays-d'Auge,28 - Normandie,6207,24.56,23190.0,9.19062001583693,0.0,0,0,48.99932534722223,0.2117224999999999,8.7,33186.20202266533,True,True,51.63134582879734,58
97134,Vieux-Habitants,01 - Guadeloupe,7077,26.71,,13.0172470303068,0.0,0,0,16.0855968,-61.72298906666667,9.4,33172.73920624598,True,True,31.7084045497848,59
33229,Lanton,75 - Nouvelle-Aquitaine,7337,34.01,28900.0,13.6775391990229,0.0,0,0,44.75319604395605,-1.0048674725274729,5.9,33159.92159779717,True,True,134.99579856515862,60
25321,Villers-le-Lac,27 - Bourgogne-Franche-Comté,5292,15.22,42410.0,14.703384200636,0.0,0,0,47.07250862068965,6.690594741379309,5.1,33152.45810237482,True,True,49.67124327226464,61
78224,L'Étang-la-Ville,11 - Île-de-France,5157,19.63,45540.0,19.9298786868647,0.0,0,0,48.868358,2.0647314285714287,2.0,33131.480271089,True,True,96.6324914380982,62
01313,Prévessin-Moëns,84 - Auvergne-Rhône-Alpes,9153,9.97,47980.0,24.134103063741,0.0,0,0,46.2559936764706,6.069940147058823,2.6,33042.8748531755,True,True,105.94651738354588,63
77037,Bois-le-Roi,11 - Île-de-France,6072,21.13,38140.0,17.1640518184677,0.0,0,0,48.48035891891893,2.7036224324324323,4.7,33041.354333863215,True,True,57.83262925669155,64
01173,Gex,84 - Auvergne-Rhône-Alpes,13627,10.08,41100.0,19.9021436251448,0.0,0,0,46.346787625,6.04846775,5.8,33038.32309939616,True,True,95.7638691342914,65
97212,Gros-Morne,02 - Martinique,9610,26.24,,13.8553740843479,0.0,0,0,14.70950550295858,-61.0240400591716,9.0,33025.57642086448,True,True,27.259290837050592,66
91338,Limours,11 - Île-de-France,6517,21.65,33970.0,16.6985602914026,2.0,0,0,48.64680409090909,2.080745303030303,6.2,33007.823265052466,True,True,64.75549913227361,67
62397,Guînes,32 - Hauts-de-France,5479,18.1,21570.0,10.6258705892513,0.0,0,0,50.85558472222223,1.8732813888888888,8.0,32976.979302834065,True,True,80.89753593229187,68
67519,La Wantzenau,44 - Grand Est,5864,25.17,33410.0,13.9577163442401,0.0,0,0,48.65402173333334,7.8288972,5.7,32919.56031294132,True,True,81.65843624949052,69
13080,Le Puy-Sainte-Réparade,93 - Provence-Alpes-Côte d'Azur,5935,23.97,28490.0,15.0972182426423,0.0,0,0,43.65126803030304,5.438048484848486,7.8,32918.9100395074,True,True,86.69493025986881,70
27213,Vexin-sur-Epte,28 - Normandie,6015,16.77,27670.0,10.6155266165024,0.0,0,0,49.16966165217392,1.5753270869565217,10.5,32907.94743511969,True,True,42.91199701139704,71
78537,Saint-Arnoult-en-Yvelines,11 - Île-de-France,5875,23.57,32850.0,15.9840435987684,0.0,0,0,48.57246222222222,1.931478571428572,6.0,32899.5577430424,True,True,39.575186137416935,72
81220,Rabastens,76 - Occitanie,5867,23.04,26240.0,10.2174311897503,3.0,0,0,43.84152598484849,1.7120877272727275,9.5,32885.2841914691,True,True,54.25390961843865,73
33042,Belin-Béliet,75 - Nouvelle-Aquitaine,6275,16.73,26500.0,12.8251203357796,0.0,0,0,44.48295373134329,-0.7728536567164179,10.6,32878.25380662057,True,True,34.95835391503602,74
22055,Binic-Étables-sur-Mer,53 - Bretagne,7041,36.74,29430.0,11.5896376255706,0.0,0,0,48.61421534883721,-2.836828372093024,4.5,32843.181336916496,True,True,87.78004182426331,75
97132,Trois-Rivières,01 - Guadeloupe,7415,26.48,,13.6361308669518,0.0,0,0,15.984889465648855,-61.65121763358779,8.5,32824.994038225086,True,True,25.579728719471586,76
06048,Contes,93 - Provence-Alpes-Côte d'Azur,7897,25.33,27620.0,15.7517266902604,1.0,0,0,43.810547368421055,7.322306184210526,7.4,32803.2020994893,True,True,46.68442814657324,77
78062,Beynes,11 - Île-de-France,7704,18.57,33450.0,16.6027204969106,0.0,0,0,48.8535190625,1.8696434375,6.6,32778.89840334166,True,True,63.03846318238262,78
51030,Aÿ-Champagne,44 - Grand Est,5103,28.8,27400.0,9.77760749496005,0.0,0,0,49.05220403361344,4.0398507563025206,7.4,32777.63363160099,True,True,74.94305865788752,79
49035,Bouchemaine,52 - Pays de la Loire,6580,28.51,32260.0,12.960362434759,0.0,0,0,47.43288794520548,-0.6282897260273974,5.0,32741.226095681603,True,True,93.21988115272468,80
66017,Le Barcarès,76 - Occitanie,6109,46.48,23750.0,13.3830809853262,0.0,0,0,42.798014878048775,3.028297804878049,2.1,32740.55475439352,True,True,62.207407037413766,81
33029,Le Barp,75 - Nouvelle-Aquitaine,5806,13.58,28560.0,12.7231261701006,0.0,0,0,44.62681177419356,-0.7692854838709678,10.2,32722.60436333224,True,True,84.29207612711222,82
97228,Sainte-Marie,02 - Martinique,14756,25.98,,13.113043936701,0.0,0,0,14.769617891891894,-61.01026891891891,8.3,32709.63918266793,True,True,23.317263444104672,83
74282,Fillière,84 - Auvergne-Rhône-Alpes,10075,15.67,36700.0,18.0264169032045,0.0,0,0,46.00106017391305,6.203823217391304,5.6,32696.08092921318,True,True,94.34606395916546,84
54280,Jœuf,44 - Grand Est,6392,26.72,20910.0,9.32994238938831,0.0,0,0,49.2327097368421,6.0117978947368425,4.5,32636.9014654124,True,True,66.68865907203516,85
78350,Louveciennes,11 - Île-de-France,7990,21.82,41000.0,20.4153238208221,0.0,0,0,48.860065000000006,2.114616842105263,1.9,32631.17343679525,True,True,100.12595547337123,86
56008,Baden,53 - Bretagne,5086,33.73,31260.0,12.4672507417756,0.0,0,0,47.60461899280576,-2.9111320143884893,3.9,32628.985161236666,True,True,97.5212095075472,87
17449,Tonnay-Charente,75 - Nouvelle-Aquitaine,8289,26.93,24570.0,11.6902562099181,0.0,0,0,45.963624204545454,-0.8739527272727272,7.7,32621.325422744358,True,True,72.86784899651813,88
29158,Penmarch,53 - Bretagne,5508,41.17,26250.0,10.9274828048208,0.0,0,0,47.81334102941177,-4.341711764705883,4.2,32615.970786886868,True,True,51.64530989001808,89
27701,Val-de-Reuil,28 - Normandie,13245,9.39,18960.0,12.4698986220886,0.0,0,0,49.26220469072165,1.2092811340206189,6.3,32607.689154804037,True,True,74.92784761502509,90
33393,Saint-Denis-de-Pile,75 - Nouvelle-Aquitaine,5955,22.29,24380.0,11.1222767699523,0.0,0,0,44.988738181818185,-0.2000404545454545,8.6,32548.687780401684,True,True,70.00237915743493,91
97232,Le Vauclin,02 - Martinique,8483,28.45,,14.1017499389385,0.0,0,0,14.545050244897958,-60.85002791836734,7.2,32533.25980851798,True,True,23.42017110728091,92
34300,Servian,76 - Occitanie,5517,20.75,24310.0,10.032955251794,1.0,0,0,43.415840823529415,3.3048805882352936,9.0,32521.368565578006,True,True,83.1331224368469,93
67151,Gambsheim,44 - Grand Est,5312,21.19,29810.0,13.7910300511663,0.0,0,0,48.69390999999999,7.886628723404255,7.1,32496.928014241046,True,True,82.35162040530567,94
62473,Isbergues,32 - Hauts-de-France,8650,24.37,22440.0,10.163179638869,1.0,0,0,50.61644909090909,2.4574363636363645,6.1,32491.81342924315,True,True,52.83885015025704,95
91330,Lardy,11 - Île-de-France,5530,15.98,32110.0,15.0695885756206,0.0,0,0,48.52638358490566,2.268261320754717,7.3,32491.695077525448,True,True,47.45615160273879,96
74263,Sciez,84 - Auvergne-Rhône-Alpes,6447,16.0,36970.0,15.3966749282264,0.0,0,0,46.32623776315789,6.374862105263159,5.3,32489.438858051843,True,True,105.61882573081424,97
57323,Hettange-Grande,44 - Grand Est,7772,16.26,36690.0,16.2974975009098,0.0,0,0,49.41859206349208,6.152445396825398,5.2,32487.08468455747,True,True,34.57660975005591,98
78160,Chevreuse,11 - Île-de-France,5502,20.86,38400.0,18.3001411117597,0.0,0,0,48.70748757575758,2.036674090909091,3.1,32473.47833089896,True,True,62.86644510133894,99
78117,Buc,11 - Île-de-France,5816,19.75,39130.0,20.368366226015,1.0,0,0,48.77311783783784,2.1255743243243246,2.8,32471.62301280945,True,True,95.49531871005809,100
97210,Le François,02 - Martinique,15778,24.29,,15.3843596066027,0.0,0,0,14.61359190625,-60.89195334375,7.8,32468.752030914973,True,True,29.59645700712469,101
29199,Plouigneau,53 - Bretagne,5014,24.55,26020.0,8.41819823040831,0.0,0,0,48.5735905780347,-3.7081009248554913,8.4,32459.56290593237,True,True,83.57783498887382,102
30221,,76 - Occitanie,5529,21.25,23330.0,10.2508604909474,,0,0,44.04392298245615,4.758486140350878,7.7,32452.634198137093,True,True,96.49824438351564,103
78397,Le Mesnil-Saint-Denis,11 - Île-de-France,7276,20.4,36770.0,18.133236539708,0.0,0,0,48.74022492307692,1.9636835384615383,3.8,32449.64637250825,True,True,60.94350603506232,104
49307,Loire-Authion,52 - Pays de la Loire,16765,19.78,27910.0,10.8225665398982,0.0,0,0,47.470478796680496,-0.3691536514522821,8.3,32440.889351792008,True,True,73.8661322152699,105
68042,Blotzheim,44 - Grand Est,5282,17.49,39080.0,14.1771244357667,0.0,0,0,47.60370155555555,7.493271555555557,4.0,32381.579194405156,True,True,47.6486999226392,106
56169,,53 - Bretagne,5400,32.32,27360.0,12.8476272083806,,0,0,47.69615810810811,-3.22617,5.1,32370.1175430279,True,True,89.48256015216248,107
06065,La Gaude,93 - Provence-Alpes-Côte d'Azur,7265,24.81,32490.0,17.8310878204013,0.0,0,0,43.71735210526316,7.154555789473685,4.2,32353.751514457857,True,True,75.6393418360852,108
57751,Woippy,44 - Grand Est,14967,15.65,19490.0,12.9373234767738,0.0,0,0,49.16214721311475,6.159143278688526,4.5,32338.22801302364,True,True,74.03698321172631,109
84088,Pernes-les-Fontaines,93 - Provence-Alpes-Côte d'Azur,10504,23.81,27370.0,12.2268432994418,1.0,0,0,43.98971329896907,5.046392577319588,7.1,32317.062777563424,True,True,93.8029353108186,110
97128,Sainte-Anne,01 - Guadeloupe,23973,21.38,,15.8548743554115,0.0,0,0,16.254644493670888,-61.39598449367088,7.9,32290.812204862752,True,True,17.44833785488163,111
84122,Sarrians,93 - Provence-Alpes-Côte d'Azur,5792,23.55,24730.0,10.7942227805776,0.0,0,0,44.10377342857144,4.953663571428572,8.0,32276.995684075428,True,True,82.26155367175588,112
58303,Varennes-Vauzelles,27 - Bourgogne-Franche-Comté,9146,33.7,25060.0,9.73409234699625,0.0,0,0,47.03813544554456,3.139440594059406,5.8,32276.75998525803,True,True,70.23624910999648,113
67411,Rosheim,44 - Grand Est,5457,23.59,30420.0,14.4234992880453,0.0,0,0,48.49093137931033,7.411685603448275,5.6,32268.787446445174,True,True,74.21357402887296,114
84056,Jonquières,93 - Provence-Alpes-Côte d'Azur,5201,20.79,24920.0,11.2503267366789,0.0,0,0,44.12940728571429,4.9116484285714295,8.8,32266.571541880043,True,True,87.33195945437615,115
74164,Marignier,84 - Auvergne-Rhône-Alpes,6507,18.53,30540.0,14.1404109480877,1.0,0,0,46.10009368421053,6.491690877192982,6.8,32252.76255645357,True,True,90.29543053668266,116
59291,Hautmont,32 - Hauts-de-France,14152,17.99,18300.0,10.1539706037429,0.0,0,0,50.245746935483865,3.9188425806451614,2.9,32250.718068762155,True,True,56.14806661805631,117
79003,Aiffres,75 - Nouvelle-Aquitaine,5419,25.3,28280.0,10.9577450994995,0.0,0,0,46.283111641791045,-0.4169182089552239,6.4,32232.878392544397,True,True,90.33923064120448,118
73010,Entrelacs,84 - Auvergne-Rhône-Alpes,6461,17.64,30140.0,14.2464434201,0.0,0,0,45.78602370588235,5.921115,7.1,32225.591562539405,True,True,91.97742734225112,119
44098,Missillac,52 - Pays de la Loire,5709,19.9,26010.0,11.7730622853297,0.0,0,0,47.48943865771812,-2.17649288590604,8.5,32217.456183643764,True,True,88.96391136935819,120
77249,Lésigny,11 - Île-de-France,6923,19.59,35190.0,17.6830350288326,0.0,0,0,48.7490898076923,2.616169423076923,4.1,32211.13401451908,True,True,76.78462529484685,121
34101,Florensac,76 - Occitanie,5254,28.04,22880.0,11.2078374815282,1.0,0,0,43.38784110000002,3.4581594,4.8,32200.34154953,True,True,89.8152055137665,122
78396,Le Mesnil-le-Roi,11 - Île-de-France,6332,20.05,39890.0,19.6544731640776,0.0,0,0,48.92720166666667,2.119793333333333,1.8,32187.08556550653,True,True,97.38492587501835,123
10081,La Chapelle-Saint-Luc,44 - Grand Est,12648,18.82,17650.0,10.1924437012555,0.0,0,0,48.317347954545454,4.03715409090909,1.9,32185.349049786608,True,True,105.58859689027275,124
62555,Marles-les-Mines,32 - Hauts-de-France,5411,20.81,18770.0,10.2361370743083,0.0,0,0,50.50288818181818,2.5031660606060604,2.6,32179.411250875357,True,True,44.01279144241178,125
42183,La Ricamarie,84 - Auvergne-Rhône-Alpes,8039,18.72,18380.0,8.60682635985919,0.0,0,0,45.40270130434783,4.368974782608695,2.9,32173.092361343894,True,True,73.76421487244617,126
36159,Le Poinçonnet,24 - Centre-Val de Loire,5855,29.66,28490.0,8.39999732403868,0.0,0,0,46.76405319444445,1.7312431944444444,5.4,32167.24962251202,True,True,67.8551283229732,127
76481,Octeville-sur-Mer,28 - Normandie,6172,21.86,32930.0,13.3352233730323,0.0,0,0,49.55657896551725,0.1242703448275862,4.9,32160.549027998342,True,True,59.44890450994166,128
72231,Parigné-l'Évêque,52 - Pays de la Loire,5358,22.97,26780.0,8.52706200020435,0.0,0,0,47.93218822695035,0.3746536879432624,7.7,32150.273200590684,True,True,55.90270853276952,129
44021,Villeneuve-en-Retz,52 - Pays de la Loire,5120,24.12,25470.0,11.4166753368331,0.0,0,0,47.03401297872341,-1.904091489361702,7.5,32130.98885704287,True,True,52.35099686772853,130
06159,Villefranche-sur-Mer,93 - Provence-Alpes-Côte d'Azur,5008,35.99,29910.0,24.4507488274821,0.0,0,0,43.7091524,7.3207141999999985,1.0,32124.36576575912,True,True,62.29505526938583,131
06095,Peymeinade,93 - Provence-Alpes-Côte d'Azur,8514,26.45,28890.0,16.4340014243516,3.0,0,0,43.63156593220338,6.88039152542373,4.8,32117.43999839851,True,True,59.75134276787023,132
30217,Rochefort-du-Gard,76 - Occitanie,8117,19.34,28710.0,13.5628444391736,0.0,0,0,43.98119887640449,4.677049887640449,7.0,32101.085616026256,True,True,77.44974269545324,133
97231,Les Trois-Îlets,02 - Martinique,6507,20.54,,16.9533994450266,0.0,0,0,14.535570773809525,-61.03597607142857,7.7,32084.114325914124,True,True,27.544748365714227,134
85089,La Ferrière,52 - Pays de la Loire,5454,19.8,26360.0,9.78538021047196,0.0,0,0,46.71937790322581,-1.3349637096774192,8.3,32074.722370828164,True,True,70.49316683985847,135
91286,Grigny,11 - Île-de-France,26842,9.46,16470.0,15.1950064964789,0.0,0,0,48.65450333333333,2.38637875,1.9,32070.073779185142,True,True,80.31349017318138,136
13084,La Roque-d'Anthéron,93 - Provence-Alpes-Côte d'Azur,5459,22.42,25650.0,15.012294764084,0.0,0,0,43.71231671428572,5.3072360000000005,7.2,32064.96876057233,True,True,90.18290824887578,137
83120,Saint-Zacharie,93 - Provence-Alpes-Côte d'Azur,5879,23.96,29230.0,14.860488541243,0.0,0,0,43.37733508771929,5.720293508771929,5.4,32062.522205742596,True,True,89.1359843316585,138
64189,Ciboure,75 - Nouvelle-Aquitaine,5951,36.48,27010.0,14.4582420833273,0.0,0,0,43.37709016666667,-1.665759166666667,3.2,32060.2965637593,True,True,64.35318202828525,139
86174,Naintré,75 - Nouvelle-Aquitaine,5964,25.69,25900.0,9.06694919044591,0.0,0,0,46.77110172413793,0.4925270114942529,7.0,32034.90867915328,True,True,69.70502373128679,140
97206,Le Diamant,02 - Martinique,6161,20.23,,17.9939619545721,0.0,0,0,14.48601532967033,-61.02020532967034,7.5,32027.062284035943,True,True,23.23408224652796,141
62771,Sallaumines,32 - Hauts-de-France,9414,17.59,18180.0,10.7783827432669,0.0,0,0,50.41929676470589,2.861975588235293,2.3,32024.381861102145,True,True,79.01885785082396,142
13107,Simiane-Collongue,93 - Provence-Alpes-Côte d'Azur,5780,23.18,32040.0,15.4160390397883,0.0,0,0,43.41006039473684,5.4376531578947365,4.3,32020.65393355592,True,True,111.1514802875332,143
03101,Domérat,84 - Auvergne-Rhône-Alpes,8622,32.42,25630.0,8.48736231192463,0.0,0,0,46.36865233333334,2.5439912222222225,5.4,32009.292094127824,True,True,46.69290917235054,144
57447,Marly,44 - Grand Est,10286,29.95,31010.0,13.3402313152582,1.0,0,0,49.06512507936507,6.152124761904761,3.2,32008.484746528957,True,True,67.15047452331669,145
13074,Peyrolles-en-Provence,93 - Provence-Alpes-Côte d'Azur,5409,17.33,26680.0,13.0639916458145,1.0,0,0,43.62412231884059,5.578561014492753,8.1,31974.677043180243,True,True,80.96285121812973,146
97420,Sainte-Suzanne,04 - La Réunion,25551,11.02,19560.0,13.3967920083126,0.0,0,0,-20.952010173410407,55.59033872832369,4.6,31973.795762296,True,True,48.39889245962166,147
17407,Sainte-Soulle,75 - Nouvelle-Aquitaine,5034,17.62,28190.0,16.0759432381106,0.0,0,0,46.18999227272727,-1.008278484848485,7.0,31963.59383263904,True,True,83.3753469367944,148
57683,Uckange,44 - Grand Est,7021,18.2,21300.0,13.4117318981025,0.0,0,0,49.30532733333334,6.149434888888888,4.7,31933.100629457196,True,True,63.054591622200654,149
85008,Aubigny-Les Clouzeaux,52 - Pays de la Loire,7191,19.55,26810.0,10.3696886040078,0.0,0,0,46.61478204545455,-1.4754833333333333,7.7,31922.826374529926,True,True,102.53712986144237,150
44180,Vallons-de-l'Erdre,52 - Pays de la Loire,6692,20.12,23960.0,9.59772984630415,0.0,0,0,47.54538812030076,-1.1316547368421055,7.3,31900.90669786097,True,True,59.13035387372109,151
87113,Le Palais-sur-Vienne,75 - Nouvelle-Aquitaine,5775,28.68,25570.0,10.7727572687045,0.0,0,0,45.87259424242424,1.3235253030303034,5.8,31892.0755289306,True,True,61.69523870408055,152
84039,Courthézon,93 - Provence-Alpes-Côte d'Azur,6426,20.75,25110.0,11.1615858280057,0.0,0,0,44.089883239436624,4.885510704225351,7.9,31890.6348305893,True,True,91.71179458642068,153
42332,Villerest,84 - Auvergne-Rhône-Alpes,5172,28.09,27910.0,8.67086857616659,0.0,0,0,45.99607816666666,4.0274075,5.3,31888.609569201537,True,True,67.92886048640985,154
06044,La Colle-sur-Loup,93 - Provence-Alpes-Côte d'Azur,8202,23.36,32700.0,17.6620826229296,0.0,0,0,43.68594461538461,7.094906153846155,3.3,31878.51510352396,True,True,67.09343946973048,155
68163,Kembs,44 - Grand Est,5834,14.87,37430.0,15.9723574383994,0.0,0,0,47.66760957446808,7.507685319148938,3.8,31876.97494680559,True,True,57.554991636723074,156
62628,Noyelles-sous-Lens,32 - Hauts-de-France,6854,20.08,19360.0,10.6482679198423,0.0,0,0,50.4301809375,2.87906875,2.5,31862.504956332068,True,True,80.00755933656022,157
22251,Pordic,53 - Bretagne,7454,25.71,28690.0,11.6038978104684,0.0,0,0,48.570791834862376,-2.8313791743119263,5.0,31825.684515163503,True,True,102.5759220160322,158
51055,Bétheny,44 - Grand Est,6975,26.07,27710.0,13.8758638058857,0.0,0,0,49.29553416666668,4.060204,5.0,31825.251745956783,True,True,70.98593630303125,159
86115,Jaunay-Marigny,75 - Nouvelle-Aquitaine,7528,20.0,26170.0,11.0465536365775,0.0,0,0,46.7230354375,0.3673045625,7.5,31824.424729108367,True,True,76.87497106731195,160
01281,Ornex,84 - Auvergne-Rhône-Alpes,5082,12.0,39600.0,21.7232113348132,0.0,0,0,46.27633166666666,6.095238333333333,2.7,31799.94956345414,True,True,100.81704202343514,161
25057,Bethoncourt,27 - Bourgogne-Franche-Comté,5308,22.47,19780.0,9.04334284397641,0.0,0,0,47.538828108108106,6.799508918918919,2.4,31799.260489071134,True,True,74.24198554963921,162
19229,Saint-Pantaléon-de-Larche,75 - Nouvelle-Aquitaine,5091,22.53,25720.0,11.9147358553451,0.0,0,0,45.14950051948051,1.4318453246753249,6.9,31798.36040419945,True,True,92.83749416268124,163
97408,La Possession,04 - La Réunion,36568,9.78,23650.0,15.2907059297979,0.0,0,0,-21.00739545112782,55.40594567669173,8.1,31790.387780551824,True,True,73.66001724325783,164
59253,Fresnes-sur-Escaut,32 - Hauts-de-France,7354,17.34,20160.0,11.9049945522329,0.0,0,0,50.43235360655738,3.578302950819672,3.6,31781.068936639043,True,True,60.379310835451896,165
62194,Calonne-Ricouart,32 - Hauts-de-France,5369,20.1,19540.0,9.6503582698799,0.0,0,0,50.49033033333332,2.487549333333334,2.6,31770.64477004231,True,True,49.12669564159977,166
62270,Divion,32 - Hauts-de-France,6766,18.27,19620.0,10.4628867889787,0.0,0,0,50.46950181818181,2.503524772727273,3.0,31767.691451187475,True,True,48.9246220580217,167
33555,Marcheprime,75 - Nouvelle-Aquitaine,5696,14.11,28150.0,13.0555478038631,0.0,0,0,44.69315517241378,-0.8598210344827586,7.8,31767.64608887892,True,True,137.30800538214245,168
86297,Vouneuil-sous-Biard,75 - Nouvelle-Aquitaine,6290,20.69,27930.0,11.6080835654913,0.0,0,0,46.5806479,0.269821,6.4,31756.275944184054,True,True,72.93325707023082,169
33273,Martignas-sur-Jalle,75 - Nouvelle-Aquitaine,8056,19.02,31090.0,14.0347027892019,1.0,0,0,44.845441071428574,-0.7942032142857142,5.2,31752.561527666927,True,True,121.3842199939646,170
76157,Canteleu,28 - Normandie,14402,19.13,20210.0,12.0999500090805,0.0,0,0,49.434744375,1.0215022916666667,3.0,31751.75366743273,True,True,90.3495429683986,171
69157,,84 - Auvergne-Rhône-Alpes,5305,20.8,28880.0,11.305146742265,,0,0,45.87909,4.4917732,6.0,31736.30672701396,True,True,68.35276899977511,172
67021,Barr,44 - Grand Est,7057,19.95,27010.0,12.1818830462114,1.0,0,0,48.414358278688525,7.406646475409836,6.8,31731.31294462985,True,True,53.57317996527636,173
