var,n,bande10_1-2,bande10_3-9,bande10_10+,owner
prix_affiche,1220,-0.001 (0.95),+0.029 (0.32),+0.058 (0.09),-0.006 (0.71)
grille_tarifs,1220,-0.018 (0.48),+0.023 (0.50),+0.042 (0.26),-0.005 (0.77)
sante100,1220,+0.040 (0.48),+0.109 (0.12),+0.135 (0.06),+0.006 (0.85)
classe2,1220,-0.049 (0.32),-0.036 (0.56),-0.049 (0.46),-0.008 (0.81)
essai_gratuit,1220,-0.055 (0.35),+0.020 (0.78),+0.022 (0.78),-0.092 (0.00)
bilan_gratuit,1220,-0.048 (0.41),+0.024 (0.74),-0.034 (0.64),-0.092 (0.00)
rdv_en_ligne,1220,-0.039 (0.43),-0.022 (0.72),+0.019 (0.77),+0.018 (0.48)
devis,1220,-0.051 (0.37),+0.067 (0.36),+0.032 (0.68),-0.060 (0.07)
garantie_suivi,1220,-0.007 (0.90),+0.099 (0.17),+0.045 (0.56),-0.087 (0.01)
